{
  "main": {
    "id": "73b5634fadf66588",
    "type": "split",
    "children": [
      {
        "id": "7c7913118c0404ae",
        "type": "tabs",
        "children": [
          {
            "id": "dccc3c28f1c3e86d",
            "type": "leaf",
            "state": {
              "type": "graph",
              "state": {}
            }
          },
          {
            "id": "40e4807ce550a70b",
            "type": "leaf",
            "state": {
              "type": "markdown",
              "state": {
                "file": "List of player Characters.md",
                "mode": "source",
                "source": false
              }
            }
          },
          {
            "id": "f627f4274dfb8ea5",
            "type": "leaf",
            "state": {
              "type": "markdown",
              "state": {
                "file": "Items.md",
                "mode": "source",
                "source": false
              }
            }
          },
          {
            "id": "0a19ecee205d7e60",
            "type": "leaf",
            "state": {
              "type": "markdown",
              "state": {
                "file": "Notes on the Orbs/Beastlands.md",
                "mode": "source",
                "source": false
              }
            }
          },
          {
            "id": "c9d4d63f14820647",
            "type": "leaf",
            "state": {
              "type": "markdown",
              "state": {
                "file": "Session Notes/Session 7.md",
                "mode": "source",
                "source": false
              }
            }
          },
          {
            "id": "12a5dd0540e233d7",
            "type": "leaf",
            "state": {
              "type": "markdown",
              "state": {
                "file": "Session Notes/Session 8.md",
                "mode": "source",
                "source": false
              }
            }
          }
        ],
        "currentTab": 3
      }
    ],
    "direction": "vertical"
  },
  "left": {
    "id": "cc41846134e2cffb",
    "type": "split",
    "children": [
      {
        "id": "11e69c0480c87ca8",
        "type": "tabs",
        "children": [
          {
            "id": "976f69fa882637a3",
            "type": "leaf",
            "state": {
              "type": "file-explorer",
              "state": {
                "sortOrder": "alphabetical"
              }
            }
          },
          {
            "id": "5c2df618bbdd5ffc",
            "type": "leaf",
            "state": {
              "type": "search",
              "state": {
                "query": "",
                "matchingCase": false,
                "explainSearch": false,
                "collapseAll": false,
                "extraContext": false,
                "sortOrder": "alphabetical"
              }
            }
          },
          {
            "id": "8b438f8e01f495e2",
            "type": "leaf",
            "state": {
              "type": "starred",
              "state": {}
            }
          }
        ]
      }
    ],
    "direction": "horizontal",
    "width": 300
  },
  "right": {
    "id": "a63382449d4f8c52",
    "type": "split",
    "children": [
      {
        "id": "932e26ca4bf1dc43",
        "type": "tabs",
        "children": [
          {
            "id": "d8e1debfdf2a10a8",
            "type": "leaf",
            "state": {
              "type": "backlink",
              "state": {
                "file": "Notes on the Orbs/Beastlands.md",
                "collapseAll": false,
                "extraContext": false,
                "sortOrder": "alphabetical",
                "showSearch": false,
                "searchQuery": "",
                "backlinkCollapsed": false,
                "unlinkedCollapsed": true
              }
            }
          },
          {
            "id": "6a889820eae43aa8",
            "type": "leaf",
            "state": {
              "type": "outgoing-link",
              "state": {
                "file": "Notes on the Orbs/Beastlands.md",
                "linksCollapsed": false,
                "unlinkedCollapsed": true
              }
            }
          },
          {
            "id": "81c0d3c853b127b7",
            "type": "leaf",
            "state": {
              "type": "tag",
              "state": {
                "sortOrder": "frequency",
                "useHierarchy": true
              }
            }
          },
          {
            "id": "1d73ffa9851f3919",
            "type": "leaf",
            "state": {
              "type": "outline",
              "state": {
                "file": "Notes on the Orbs/Beastlands.md"
              }
            }
          }
        ]
      }
    ],
    "direction": "horizontal",
    "width": 300,
    "collapsed": true
  },
  "left-ribbon": {
    "hiddenItems": {
      "switcher:Open quick switcher": false,
      "graph:Open graph view": false,
      "canvas:Create new canvas": false,
      "daily-notes:Open today's daily note": false,
      "templates:Insert template": false,
      "command-palette:Open command palette": false
    }
  },
  "active": "0a19ecee205d7e60",
  "lastOpenFiles": [
    "Items.md",
    "Session Notes/Session 7.md",
    "Session Notes/Session 6.md",
    "Session Notes/Session 5.md",
    "Session Notes/Session 4.md",
    "Session Notes/Session 3.md",
    "Session Notes/Session 2.md",
    "List of player Characters.md",
    "List of NPCs.md",
    "warlock.md"
  ]
}